model,outcome,index,feature,coefficient,std_error,t_stat,p_value,significant_0.05,significant_0.01,n_obs,n_features,ridge_alpha,residual_sigma2
fourSC,4hour_step_norm,0,intercept,-0.13165946763557668,0.09286529603947413,-1.417746706795748,0.15639657594826717,False,False,2388,25,1.0,0.6657137708876381
fourSC,4hour_step_norm,1,yesterdayStepCount,0.1910973339949288,0.027758458467437044,6.884292015678813,7.415006970680992e-12,True,True,2388,25,1.0,0.6657137708876381
fourSC,4hour_step_norm,2,stepCountLast7DaysEma,0.294415266399657,0.020475670314310794,14.378785254902505,5.269103734248463e-45,True,True,2388,25,1.0,0.6657137708876381
fourSC,4hour_step_norm,3,prior2HourStepCount,0.22256196538566453,0.025621650423599148,8.686480445485705,6.849065305949589e-18,True,True,2388,25,1.0,0.6657137708876381
fourSC,4hour_step_norm,5,activitySuggestionsSentLast7Days,-0.08607476241870095,0.02762891213333421,-3.1153873161314944,0.0018590867933991864,True,True,2388,25,1.0,0.6657137708876381
fourSC,4hour_step_norm,6,morningFitbitWearLast7Days,0.07133266915821271,0.0835378799685985,0.8538960910311145,0.39324911821008357,False,False,2388,25,1.0,0.6657137708876381
fourSC,4hour_step_norm,7,salienceMessageSentYesterday,-0.013428036798842326,0.047292156461675956,-0.28393792551464586,0.7764828277838999,False,False,2388,25,1.0,0.6657137708876381
fourSC,4hour_step_norm,8,activitySuggestionInteractLast7Days,0.39232644005238804,0.13485213487844394,2.909308335430003,0.003656128809768034,True,True,2388,25,1.0,0.6657137708876381
fourSC,4hour_step_norm,9,activeDaysLast7Days,0.23478556938334622,0.05935686224236752,3.9554915895766785,7.862602936541958e-05,True,True,2388,25,1.0,0.6657137708876381
fourSC,4hour_step_norm,10,dayOfWeekNorm,-0.005288050411365495,0.041164150089631424,-0.12846251896009553,0.8977938898235314,False,False,2388,25,1.0,0.6657137708876381
fourSC,4hour_step_norm,11,decisionTimeSlot,-0.18875641649973682,0.04899072436126291,-3.852901114664616,0.00011983488210047082,True,True,2388,25,1.0,0.6657137708876381
fourSC,4hour_step_norm,12,perceivedUtilityLastWeek,-0.03122472952412772,0.019960626751913478,-1.5643160864743104,0.11787725777052142,False,False,2388,25,1.0,0.6657137708876381
fourSC,4hour_step_norm,13,caeAverageLastWeek,-0.018646328365981714,0.022707349088059853,-0.8211583084256394,0.411638935930847,False,False,2388,25,1.0,0.6657137708876381
fourSC,4hour_step_norm,14,Ah,0.05703758555858524,0.12269531974030194,0.4648717300652668,0.6420661481521478,False,False,2388,25,1.0,0.6657137708876381
fourSC,4hour_step_norm,15,Ah*yesterdayStepCount,-0.015600277888957152,0.03718835667316025,-0.41949360726165824,0.6748935587290001,False,False,2388,25,1.0,0.6657137708876381
fourSC,4hour_step_norm,16,Ah*prior2HourStepCount,0.011591306316930523,0.03660659929075997,0.3166452645563374,0.7515407553757529,False,False,2388,25,1.0,0.6657137708876381
fourSC,4hour_step_norm,17,Ah*activitySuggestionsSentLast7Days,0.07179735676169417,0.03961383678785178,1.812431276127032,0.07004644571204466,False,False,2388,25,1.0,0.6657137708876381
fourSC,4hour_step_norm,18,Ah*morningFitbitWearLast7Days,-0.17895126763296332,0.11516704758803627,-1.553840889219366,0.12035628794345969,False,False,2388,25,1.0,0.6657137708876381
fourSC,4hour_step_norm,19,Ah*salienceMessageSentYesterday,0.058491126066614836,0.06715957681921508,0.8709275554857262,0.3838821795133719,False,False,2388,25,1.0,0.6657137708876381
fourSC,4hour_step_norm,20,Ah*activitySuggestionInteractLast7Days,0.1995302259996407,0.1857746247262389,1.0740445649865924,0.28291237001648445,False,False,2388,25,1.0,0.6657137708876381
fourSC,4hour_step_norm,21,Ah*dayOfWeekNorm,0.03754966612203932,0.05849077864930517,0.6419758291674816,0.5209511478220208,False,False,2388,25,1.0,0.6657137708876381
fourSC,4hour_step_norm,22,Ah*decisionTimeSlot,0.003662034474486682,0.06734073194724048,0.05438067524059258,0.9566364720323735,False,False,2388,25,1.0,0.6657137708876381
fourSC,4hour_step_norm,23,Ah*perceivedUtilityLastWeek,0.0032695374872404055,0.026944329692605785,0.12134417610461656,0.9034287482621726,False,False,2388,25,1.0,0.6657137708876381
fourSC,4hour_step_norm,24,Ah*caeAverageLastWeek,0.018902013483591298,0.03297811152762047,0.5731684625955648,0.5665851736933936,False,False,2388,25,1.0,0.6657137708876381
antic,anticipated_affect_norm,0,intercept,0.5769186046011534,0.027734430453396967,20.8015306306927,2.8976654728631465e-76,True,True,771,19,1.0,0.026332876447922374
antic,anticipated_affect_norm,1,dailyAnticipatedAffectYesterday,0.16403260301398945,0.022018733945891926,7.44968368377026,2.572769955943791e-13,True,True,771,19,1.0,0.026332876447922374
antic,anticipated_affect_norm,2,todayStepCount,0.007127760301212843,0.007111541275747644,1.0022806624944314,0.31653045452917805,False,False,771,19,1.0,0.026332876447922374
antic,anticipated_affect_norm,4,activityStatusToday,0.026028418448708904,0.01713494188112915,1.5190257795606656,0.12917630403795846,False,False,771,19,1.0,0.026332876447922374
antic,anticipated_affect_norm,5,salienceMessageSentToday,-0.04446051101023213,0.019063696939629702,-2.33220823594858,0.019952807217126958,True,False,771,19,1.0,0.026332876447922374
antic,anticipated_affect_norm,6,dayOfWeekNorm,-0.06557188574201785,0.0179484674036397,-3.6533417738341702,0.0002768203549779481,True,True,771,19,1.0,0.026332876447922374
antic,anticipated_affect_norm,7,perceivedUtilityLastWeek,-0.005629167621341329,0.009659486912815077,-0.5827605205275663,0.5602292235548771,False,False,771,19,1.0,0.026332876447922374
antic,anticipated_affect_norm,8,caeAverageLastWeek,0.24358962298873899,0.011793567774118031,20.6544472083602,2.025901672876324e-75,True,True,771,19,1.0,0.026332876447922374
antic,anticipated_affect_norm,9,ws_morning,0.04688936363634167,0.02710351761726817,1.730010262817973,0.08403873415576026,False,False,771,19,1.0,0.026332876447922374
antic,anticipated_affect_norm,10,ws_afternoon,-0.041902170995247075,0.027105669145489113,-1.5458821831823464,0.12255373056103618,False,False,771,19,1.0,0.026332876447922374
antic,anticipated_affect_norm,11,ws_morning*salienceMessageSentToday,0.0010105053087139438,0.023934975406862197,0.04221877363718662,0.9663355035089314,False,False,771,19,1.0,0.026332876447922374
antic,anticipated_affect_norm,12,ws_afternoon*salienceMessageSentToday,0.039841915243327385,0.023526297776797517,1.6935055239596992,0.09077341260800072,False,False,771,19,1.0,0.026332876447922374
antic,anticipated_affect_norm,13,ws_morning*dayOfWeekNorm,-0.0010761605977915162,0.020463372915975248,-0.05258960007279075,0.9580728699755522,False,False,771,19,1.0,0.026332876447922374
antic,anticipated_affect_norm,14,ws_afternoon*dayOfWeekNorm,0.03235145278715935,0.02038090671676771,1.5873411932425594,0.11285574332140146,False,False,771,19,1.0,0.026332876447922374
antic,anticipated_affect_norm,15,ws_morning*perceivedUtilityLastWeek,-0.009619103669595511,0.011970376459925472,-0.8035757022177563,0.42189598647696835,False,False,771,19,1.0,0.026332876447922374
antic,anticipated_affect_norm,16,ws_afternoon*perceivedUtilityLastWeek,0.0010925449525579082,0.011965768805499103,0.09130587180121746,0.9272738679745647,False,False,771,19,1.0,0.026332876447922374
antic,anticipated_affect_norm,17,ws_morning*caeAverageLastWeek,0.0023355971620154722,0.013043037973196428,0.17906849361438243,0.8579321544022848,False,False,771,19,1.0,0.026332876447922374
antic,anticipated_affect_norm,18,ws_afternoon*caeAverageLastWeek,-0.02310523742470629,0.01284236892951883,-1.7991413851690354,0.0723971321613125,False,False,771,19,1.0,0.026332876447922374
CAE,CAE_avg_norm,0,intercept,-0.4066923045145323,0.09046093535174919,-4.495778237679568,1.2422857766124182e-05,True,True,203,24,1.0,0.0808888918874646
CAE,CAE_avg_norm,1,caeAverageLastWeek,0.80655923722175,0.04225831187991813,19.086404575594056,5.075465756986049e-45,True,True,203,24,1.0,0.0808888918874646
CAE,CAE_avg_norm,2,week_norm,0.0029361843588887604,0.03259907763482633,0.09006955324870813,0.9283326475084395,False,False,203,24,1.0,0.0808888918874646
CAE,CAE_avg_norm,3,fourSC_slot_0,-0.00497880142877985,0.033576569058425404,-0.14828201833595364,0.8822871134958258,False,False,203,24,1.0,0.0808888918874646
CAE,CAE_avg_norm,4,fourSC_slot_1,-0.01683555504809464,0.035389738186788644,-0.4757185531929007,0.6348549512428934,False,False,203,24,1.0,0.0808888918874646
CAE,CAE_avg_norm,5,fourSC_slot_2,-0.012104060905677949,0.03343806263070879,-0.3619845156507914,0.7177905741801653,False,False,203,24,1.0,0.0808888918874646
CAE,CAE_avg_norm,6,fourSC_slot_3,-0.003986215212736011,0.037305611163784634,-0.1068529663067343,0.9150252891247914,False,False,203,24,1.0,0.0808888918874646
CAE,CAE_avg_norm,7,fourSC_slot_4,-0.03630619056572504,0.036348131861040314,-0.9988461223956263,0.3192175841810188,False,False,203,24,1.0,0.0808888918874646
CAE,CAE_avg_norm,8,fourSC_slot_5,0.025051882243274537,0.03721782408823461,0.6731151768540385,0.5017421251408458,False,False,203,24,1.0,0.0808888918874646
CAE,CAE_avg_norm,9,fourSC_slot_6,0.012014420713730045,0.032927009096698046,0.36488041408336913,0.7156314102677477,False,False,203,24,1.0,0.0808888918874646
CAE,CAE_avg_norm,10,fourSC_slot_7,0.027331790756161656,0.0370506675622126,0.7376868638134046,0.46167069583374165,False,False,203,24,1.0,0.0808888918874646
CAE,CAE_avg_norm,11,fourSC_slot_8,-0.011971691347714308,0.030904263380094305,-0.387379928797312,0.6989351699506706,False,False,203,24,1.0,0.0808888918874646
CAE,CAE_avg_norm,12,fourSC_slot_9,0.0067095638165137195,0.03607870979435027,0.1859701706285628,0.8526787318428402,False,False,203,24,1.0,0.0808888918874646
CAE,CAE_avg_norm,13,fourSC_slot_10,0.0033318288612065317,0.032544980247996,0.10237612178030722,0.9185727323441119,False,False,203,24,1.0,0.0808888918874646
CAE,CAE_avg_norm,14,fourSC_slot_11,0.018821361796505398,0.0326116346478351,0.5771364115829392,0.5645724607281222,False,False,203,24,1.0,0.0808888918874646
CAE,CAE_avg_norm,15,fourSC_slot_12,-0.014065256870750914,0.03577825660703918,-0.3931230362963983,0.6946964118833072,False,False,203,24,1.0,0.0808888918874646
CAE,CAE_avg_norm,16,fourSC_slot_13,-0.04319623054008476,0.037675453409995396,-1.146535121157286,0.2531041181886475,False,False,203,24,1.0,0.0808888918874646
CAE,CAE_avg_norm,17,antic_day_0,0.13652374432324343,0.13255120443843746,1.029969851286044,0.3044138496817545,False,False,203,24,1.0,0.0808888918874646
CAE,CAE_avg_norm,18,antic_day_1,-0.21472107243316962,0.12226211657471389,-1.7562355245335086,0.08075836782039535,False,False,203,24,1.0,0.0808888918874646
CAE,CAE_avg_norm,19,antic_day_2,-0.045319712104765486,0.12573862092992819,-0.36042793987713073,0.7189520887245626,False,False,203,24,1.0,0.0808888918874646
CAE,CAE_avg_norm,20,antic_day_3,0.26481691796108997,0.13039779243312283,2.030838966057702,0.04375066394069707,True,False,203,24,1.0,0.0808888918874646
CAE,CAE_avg_norm,21,antic_day_4,0.2750718628974056,0.12975168588452649,2.119986811903222,0.035385145395009296,True,False,203,24,1.0,0.0808888918874646
CAE,CAE_avg_norm,22,antic_day_5,0.05452751313692694,0.12499553074969398,0.4362357022677824,0.6631914106228809,False,False,203,24,1.0,0.0808888918874646
CAE,CAE_avg_norm,23,antic_day_6,0.17061739448871194,0.11481379771654879,1.4860356323194757,0.13902884371288746,False,False,203,24,1.0,0.0808888918874646
