horizon,day,slot,index,feature,coefficient,residual_sigma2,n_obs
1,1,1,0,intercept,0.21575807976249872,0.0005588754116620468,319
1,1,1,1,weekday_vs_weekend,0.0,0.0005588754116620468,319
1,1,1,2,slot_pm,0.0,0.0005588754116620468,319
1,1,1,3,E_w,-0.01117488614590965,0.0005588754116620468,319
1,1,1,4,weekday_vs_weekend*E_w,0.0,0.0005588754116620468,319
1,1,1,5,slot_pm*E_w,0.0,0.0005588754116620468,319
1,1,1,6,b_hat,0.6142066781413921,0.0005588754116620468,319
1,1,1,7,weekday_vs_weekend*b_hat,0.0,0.0005588754116620468,319
1,1,1,8,slot_pm*b_hat,0.0,0.0005588754116620468,319
1,1,1,9,b_tilde,0.0,0.0005588754116620468,319
1,1,1,10,M_Y_day1_fourSC_morning,0.0,0.0005588754116620468,319
1,1,1,11,M_Y_day1_fourSC_afternoon,0.0,0.0005588754116620468,319
1,1,1,12,M_Y_day1_anticipated_affect,0.0,0.0005588754116620468,319
1,1,1,13,M_Y_day2_fourSC_morning,0.0,0.0005588754116620468,319
1,1,1,14,M_Y_day2_fourSC_afternoon,0.0,0.0005588754116620468,319
1,1,1,15,M_Y_day2_anticipated_affect,0.0,0.0005588754116620468,319
1,1,1,16,M_Y_day3_fourSC_morning,0.0,0.0005588754116620468,319
1,1,1,17,M_Y_day3_fourSC_afternoon,0.0,0.0005588754116620468,319
1,1,1,18,M_Y_day3_anticipated_affect,0.0,0.0005588754116620468,319
1,1,1,19,M_Y_day4_fourSC_morning,0.0,0.0005588754116620468,319
1,1,1,20,M_Y_day4_fourSC_afternoon,0.0,0.0005588754116620468,319
1,1,1,21,M_Y_day4_anticipated_affect,0.0,0.0005588754116620468,319
1,1,1,22,M_Y_day5_fourSC_morning,0.0,0.0005588754116620468,319
1,1,1,23,M_Y_day5_fourSC_afternoon,0.0,0.0005588754116620468,319
1,1,1,24,M_Y_day5_anticipated_affect,0.0,0.0005588754116620468,319
1,1,1,25,M_Y_day6_fourSC_morning,0.0,0.0005588754116620468,319
1,1,1,26,M_Y_day6_fourSC_afternoon,0.0,0.0005588754116620468,319
1,1,1,27,M_Y_day6_anticipated_affect,0.0,0.0005588754116620468,319
1,1,1,28,M_E_day1_pageview_morning,0.0,0.0005588754116620468,319
1,1,1,29,M_E_day1_pageview_afternoon,0.0,0.0005588754116620468,319
1,1,1,30,M_E_day1_morning_fitbit_wear,0.0,0.0005588754116620468,319
1,1,1,31,M_E_day1_daily_survey_complete,0.0,0.0005588754116620468,319
1,1,1,32,M_E_day2_pageview_morning,0.0,0.0005588754116620468,319
1,1,1,33,M_E_day2_pageview_afternoon,0.0,0.0005588754116620468,319
1,1,1,34,M_E_day2_morning_fitbit_wear,0.0,0.0005588754116620468,319
1,1,1,35,M_E_day2_daily_survey_complete,0.0,0.0005588754116620468,319
1,1,1,36,M_E_day3_pageview_morning,0.0,0.0005588754116620468,319
1,1,1,37,M_E_day3_pageview_afternoon,0.0,0.0005588754116620468,319
1,1,1,38,M_E_day3_morning_fitbit_wear,0.0,0.0005588754116620468,319
1,1,1,39,M_E_day3_daily_survey_complete,0.0,0.0005588754116620468,319
1,1,1,40,M_E_day4_pageview_morning,0.0,0.0005588754116620468,319
1,1,1,41,M_E_day4_pageview_afternoon,0.0,0.0005588754116620468,319
1,1,1,42,M_E_day4_morning_fitbit_wear,0.0,0.0005588754116620468,319
1,1,1,43,M_E_day4_daily_survey_complete,0.0,0.0005588754116620468,319
1,1,1,44,M_E_day5_pageview_morning,0.0,0.0005588754116620468,319
1,1,1,45,M_E_day5_pageview_afternoon,0.0,0.0005588754116620468,319
1,1,1,46,M_E_day5_morning_fitbit_wear,0.0,0.0005588754116620468,319
1,1,1,47,M_E_day5_daily_survey_complete,0.0,0.0005588754116620468,319
1,1,1,48,M_E_day6_pageview_morning,0.0,0.0005588754116620468,319
1,1,1,49,M_E_day6_pageview_afternoon,0.0,0.0005588754116620468,319
1,1,1,50,M_E_day6_morning_fitbit_wear,0.0,0.0005588754116620468,319
1,1,1,51,M_E_day6_daily_survey_complete,0.0,0.0005588754116620468,319
1,1,1,52,yesterday_step_count,0.01646663014402257,0.0005588754116620468,319
1,1,1,53,ema_step_count,-0.005400118341166009,0.0005588754116620468,319
1,1,1,54,prior2hour_step_count,0.0010146580211732594,0.0005588754116620468,319
1,1,1,56,active_status_fraction_7days,0.10613305454603587,0.0005588754116620468,319
1,1,1,57,recent_burden,0.0033291392823379777,0.0005588754116620468,319
1,1,1,58,salience_yesterday,-0.011073300464930751,0.0005588754116620468,319
1,1,1,59,walk_interaction_7d,0.10202871361522459,0.0005588754116620468,319
1,1,1,60,A,0.00496916436418667,0.0005588754116620468,319
1,1,1,61,A*E_w,-0.0012833990233654432,0.0005588754116620468,319
1,1,1,62,A*b_hat,0.009903128209446846,0.0005588754116620468,319
1,1,1,63,A*weekday_vs_weekend,0.0,0.0005588754116620468,319
1,1,1,64,A*slot_pm,0.0,0.0005588754116620468,319
1,1,1,65,A*weekday_vs_weekend*E_w,0.0,0.0005588754116620468,319
1,1,1,66,A*slot_pm*E_w,0.0,0.0005588754116620468,319
1,1,1,67,A*weekday_vs_weekend*b_hat,0.0,0.0005588754116620468,319
1,1,1,68,A*slot_pm*b_hat,0.0,0.0005588754116620468,319
1,1,1,69,A*yesterday_step_count,-0.0029955200163881254,0.0005588754116620468,319
1,1,1,70,A*ema_step_count,0.008441832256025832,0.0005588754116620468,319
1,1,1,71,A*prior2hour_step_count,-0.007295876371188851,0.0005588754116620468,319
1,1,1,73,A*active_status_fraction_7days,-0.008273202740286758,0.0005588754116620468,319
1,1,1,74,A*recent_burden,-0.0020775504362913256,0.0005588754116620468,319
1,1,1,75,A*salience_yesterday,0.0006561072946878925,0.0005588754116620468,319
1,1,1,76,A*walk_interaction_7d,0.016274716571108246,0.0005588754116620468,319
2,1,2,0,intercept,0.10416324507707338,0.00854379034438037,319
2,1,2,1,weekday_vs_weekend,0.0,0.00854379034438037,319
2,1,2,2,slot_pm,0.10416324507707987,0.00854379034438037,319
2,1,2,3,E_w,-0.006795815112993525,0.00854379034438037,319
2,1,2,4,weekday_vs_weekend*E_w,0.0,0.00854379034438037,319
2,1,2,5,slot_pm*E_w,-0.006795815112993467,0.00854379034438037,319
2,1,2,6,b_hat,0.3297002430460519,0.00854379034438037,319
2,1,2,7,weekday_vs_weekend*b_hat,0.0,0.00854379034438037,319
2,1,2,8,slot_pm*b_hat,0.32970024304604734,0.00854379034438037,319
2,1,2,9,b_tilde,0.0,0.00854379034438037,319
2,1,2,10,M_Y_day1_fourSC_morning,-0.01750002024342641,0.00854379034438037,319
2,1,2,11,M_Y_day1_fourSC_afternoon,0.0,0.00854379034438037,319
2,1,2,12,M_Y_day1_anticipated_affect,0.0,0.00854379034438037,319
2,1,2,13,M_Y_day2_fourSC_morning,0.0,0.00854379034438037,319
2,1,2,14,M_Y_day2_fourSC_afternoon,0.0,0.00854379034438037,319
2,1,2,15,M_Y_day2_anticipated_affect,0.0,0.00854379034438037,319
2,1,2,16,M_Y_day3_fourSC_morning,0.0,0.00854379034438037,319
2,1,2,17,M_Y_day3_fourSC_afternoon,0.0,0.00854379034438037,319
2,1,2,18,M_Y_day3_anticipated_affect,0.0,0.00854379034438037,319
2,1,2,19,M_Y_day4_fourSC_morning,0.0,0.00854379034438037,319
2,1,2,20,M_Y_day4_fourSC_afternoon,0.0,0.00854379034438037,319
2,1,2,21,M_Y_day4_anticipated_affect,0.0,0.00854379034438037,319
2,1,2,22,M_Y_day5_fourSC_morning,0.0,0.00854379034438037,319
2,1,2,23,M_Y_day5_fourSC_afternoon,0.0,0.00854379034438037,319
2,1,2,24,M_Y_day5_anticipated_affect,0.0,0.00854379034438037,319
2,1,2,25,M_Y_day6_fourSC_morning,0.0,0.00854379034438037,319
2,1,2,26,M_Y_day6_fourSC_afternoon,0.0,0.00854379034438037,319
2,1,2,27,M_Y_day6_anticipated_affect,0.0,0.00854379034438037,319
2,1,2,28,M_E_day1_pageview_morning,0.01929855510608318,0.00854379034438037,319
2,1,2,29,M_E_day1_pageview_afternoon,0.0,0.00854379034438037,319
2,1,2,30,M_E_day1_morning_fitbit_wear,0.0,0.00854379034438037,319
2,1,2,31,M_E_day1_daily_survey_complete,0.0,0.00854379034438037,319
2,1,2,32,M_E_day2_pageview_morning,0.0,0.00854379034438037,319
2,1,2,33,M_E_day2_pageview_afternoon,0.0,0.00854379034438037,319
2,1,2,34,M_E_day2_morning_fitbit_wear,0.0,0.00854379034438037,319
2,1,2,35,M_E_day2_daily_survey_complete,0.0,0.00854379034438037,319
2,1,2,36,M_E_day3_pageview_morning,0.0,0.00854379034438037,319
2,1,2,37,M_E_day3_pageview_afternoon,0.0,0.00854379034438037,319
2,1,2,38,M_E_day3_morning_fitbit_wear,0.0,0.00854379034438037,319
2,1,2,39,M_E_day3_daily_survey_complete,0.0,0.00854379034438037,319
2,1,2,40,M_E_day4_pageview_morning,0.0,0.00854379034438037,319
2,1,2,41,M_E_day4_pageview_afternoon,0.0,0.00854379034438037,319
2,1,2,42,M_E_day4_morning_fitbit_wear,0.0,0.00854379034438037,319
2,1,2,43,M_E_day4_daily_survey_complete,0.0,0.00854379034438037,319
2,1,2,44,M_E_day5_pageview_morning,0.0,0.00854379034438037,319
2,1,2,45,M_E_day5_pageview_afternoon,0.0,0.00854379034438037,319
2,1,2,46,M_E_day5_morning_fitbit_wear,0.0,0.00854379034438037,319
2,1,2,47,M_E_day5_daily_survey_complete,0.0,0.00854379034438037,319
2,1,2,48,M_E_day6_pageview_morning,0.0,0.00854379034438037,319
2,1,2,49,M_E_day6_pageview_afternoon,0.0,0.00854379034438037,319
2,1,2,50,M_E_day6_morning_fitbit_wear,0.0,0.00854379034438037,319
2,1,2,51,M_E_day6_daily_survey_complete,0.0,0.00854379034438037,319
2,1,2,52,yesterday_step_count,0.023141916816791355,0.00854379034438037,319
2,1,2,53,ema_step_count,0.0003298316871798224,0.00854379034438037,319
2,1,2,54,prior2hour_step_count,0.018385601235774297,0.00854379034438037,319
2,1,2,56,active_status_fraction_7days,0.12630654073525235,0.00854379034438037,319
2,1,2,57,recent_burden,-0.004183095522176935,0.00854379034438037,319
2,1,2,58,salience_yesterday,-0.022749874218353,0.00854379034438037,319
2,1,2,59,walk_interaction_7d,0.14350942525495067,0.00854379034438037,319
2,1,2,60,A,0.004920482529583893,0.00854379034438037,319
2,1,2,61,A*E_w,-0.00037373958726338635,0.00854379034438037,319
2,1,2,62,A*b_hat,-0.0008547452327858263,0.00854379034438037,319
2,1,2,63,A*weekday_vs_weekend,0.0,0.00854379034438037,319
2,1,2,64,A*slot_pm,0.004920482529584323,0.00854379034438037,319
2,1,2,65,A*weekday_vs_weekend*E_w,0.0,0.00854379034438037,319
2,1,2,66,A*slot_pm*E_w,-0.000373739587263232,0.00854379034438037,319
2,1,2,67,A*weekday_vs_weekend*b_hat,0.0,0.00854379034438037,319
2,1,2,68,A*slot_pm*b_hat,-0.0008547452327858409,0.00854379034438037,319
2,1,2,69,A*yesterday_step_count,0.011319327532391853,0.00854379034438037,319
2,1,2,70,A*ema_step_count,-0.030693420084224456,0.00854379034438037,319
2,1,2,71,A*prior2hour_step_count,-0.034761823141100774,0.00854379034438037,319
2,1,2,73,A*active_status_fraction_7days,-0.016418121018459887,0.00854379034438037,319
2,1,2,74,A*recent_burden,0.010807173394365564,0.00854379034438037,319
2,1,2,75,A*salience_yesterday,0.025128049971285035,0.00854379034438037,319
2,1,2,76,A*walk_interaction_7d,-0.0701535862827723,0.00854379034438037,319
3,2,1,0,intercept,-0.039100887654047255,0.0008577984157098316,319
3,2,1,1,weekday_vs_weekend,0.0,0.0008577984157098316,319
3,2,1,2,slot_pm,0.0,0.0008577984157098316,319
3,2,1,3,E_w,-0.008963016401563757,0.0008577984157098316,319
3,2,1,4,weekday_vs_weekend*E_w,0.0,0.0008577984157098316,319
3,2,1,5,slot_pm*E_w,0.0,0.0008577984157098316,319
3,2,1,6,b_hat,0.5650693721425722,0.0008577984157098316,319
3,2,1,7,weekday_vs_weekend*b_hat,0.0,0.0008577984157098316,319
3,2,1,8,slot_pm*b_hat,0.0,0.0008577984157098316,319
3,2,1,9,b_tilde,0.0,0.0008577984157098316,319
3,2,1,10,M_Y_day1_fourSC_morning,-0.033976092139194815,0.0008577984157098316,319
3,2,1,11,M_Y_day1_fourSC_afternoon,-0.032862155677097264,0.0008577984157098316,319
3,2,1,12,M_Y_day1_anticipated_affect,0.46829217586134037,0.0008577984157098316,319
3,2,1,13,M_Y_day2_fourSC_morning,0.0,0.0008577984157098316,319
3,2,1,14,M_Y_day2_fourSC_afternoon,0.0,0.0008577984157098316,319
3,2,1,15,M_Y_day2_anticipated_affect,0.0,0.0008577984157098316,319
3,2,1,16,M_Y_day3_fourSC_morning,0.0,0.0008577984157098316,319
3,2,1,17,M_Y_day3_fourSC_afternoon,0.0,0.0008577984157098316,319
3,2,1,18,M_Y_day3_anticipated_affect,0.0,0.0008577984157098316,319
3,2,1,19,M_Y_day4_fourSC_morning,0.0,0.0008577984157098316,319
3,2,1,20,M_Y_day4_fourSC_afternoon,0.0,0.0008577984157098316,319
3,2,1,21,M_Y_day4_anticipated_affect,0.0,0.0008577984157098316,319
3,2,1,22,M_Y_day5_fourSC_morning,0.0,0.0008577984157098316,319
3,2,1,23,M_Y_day5_fourSC_afternoon,0.0,0.0008577984157098316,319
3,2,1,24,M_Y_day5_anticipated_affect,0.0,0.0008577984157098316,319
3,2,1,25,M_Y_day6_fourSC_morning,0.0,0.0008577984157098316,319
3,2,1,26,M_Y_day6_fourSC_afternoon,0.0,0.0008577984157098316,319
3,2,1,27,M_Y_day6_anticipated_affect,0.0,0.0008577984157098316,319
3,2,1,28,M_E_day1_pageview_morning,0.03341144334806361,0.0008577984157098316,319
3,2,1,29,M_E_day1_pageview_afternoon,-0.02789771830052091,0.0008577984157098316,319
3,2,1,30,M_E_day1_morning_fitbit_wear,-0.05334905319585381,0.0008577984157098316,319
3,2,1,31,M_E_day1_daily_survey_complete,0.025908943200630207,0.0008577984157098316,319
3,2,1,32,M_E_day2_pageview_morning,0.0,0.0008577984157098316,319
3,2,1,33,M_E_day2_pageview_afternoon,0.0,0.0008577984157098316,319
3,2,1,34,M_E_day2_morning_fitbit_wear,0.0,0.0008577984157098316,319
3,2,1,35,M_E_day2_daily_survey_complete,0.0,0.0008577984157098316,319
3,2,1,36,M_E_day3_pageview_morning,0.0,0.0008577984157098316,319
3,2,1,37,M_E_day3_pageview_afternoon,0.0,0.0008577984157098316,319
3,2,1,38,M_E_day3_morning_fitbit_wear,0.0,0.0008577984157098316,319
3,2,1,39,M_E_day3_daily_survey_complete,0.0,0.0008577984157098316,319
3,2,1,40,M_E_day4_pageview_morning,0.0,0.0008577984157098316,319
3,2,1,41,M_E_day4_pageview_afternoon,0.0,0.0008577984157098316,319
3,2,1,42,M_E_day4_morning_fitbit_wear,0.0,0.0008577984157098316,319
3,2,1,43,M_E_day4_daily_survey_complete,0.0,0.0008577984157098316,319
3,2,1,44,M_E_day5_pageview_morning,0.0,0.0008577984157098316,319
3,2,1,45,M_E_day5_pageview_afternoon,0.0,0.0008577984157098316,319
3,2,1,46,M_E_day5_morning_fitbit_wear,0.0,0.0008577984157098316,319
3,2,1,47,M_E_day5_daily_survey_complete,0.0,0.0008577984157098316,319
3,2,1,48,M_E_day6_pageview_morning,0.0,0.0008577984157098316,319
3,2,1,49,M_E_day6_pageview_afternoon,0.0,0.0008577984157098316,319
3,2,1,50,M_E_day6_morning_fitbit_wear,0.0,0.0008577984157098316,319
3,2,1,51,M_E_day6_daily_survey_complete,0.0,0.0008577984157098316,319
3,2,1,52,yesterday_step_count,0.012474576132122047,0.0008577984157098316,319
3,2,1,53,ema_step_count,0.004825982446125053,0.0008577984157098316,319
3,2,1,54,prior2hour_step_count,0.003940592456220631,0.0008577984157098316,319
3,2,1,56,active_status_fraction_7days,0.12640187846034237,0.0008577984157098316,319
3,2,1,57,recent_burden,0.001634883188245737,0.0008577984157098316,319
3,2,1,58,salience_yesterday,0.01738908897997421,0.0008577984157098316,319
3,2,1,59,walk_interaction_7d,-0.02428314274503712,0.0008577984157098316,319
3,2,1,60,A,-0.022223849678194123,0.0008577984157098316,319
3,2,1,61,A*E_w,0.002559274409523979,0.0008577984157098316,319
3,2,1,62,A*b_hat,0.009867551023961139,0.0008577984157098316,319
3,2,1,63,A*weekday_vs_weekend,0.0,0.0008577984157098316,319
3,2,1,64,A*slot_pm,0.0,0.0008577984157098316,319
3,2,1,65,A*weekday_vs_weekend*E_w,0.0,0.0008577984157098316,319
3,2,1,66,A*slot_pm*E_w,0.0,0.0008577984157098316,319
3,2,1,67,A*weekday_vs_weekend*b_hat,0.0,0.0008577984157098316,319
3,2,1,68,A*slot_pm*b_hat,0.0,0.0008577984157098316,319
3,2,1,69,A*yesterday_step_count,-0.00970911382026349,0.0008577984157098316,319
3,2,1,70,A*ema_step_count,0.004068592635077993,0.0008577984157098316,319
3,2,1,71,A*prior2hour_step_count,-0.006442530415771119,0.0008577984157098316,319
3,2,1,73,A*active_status_fraction_7days,0.01699401879713343,0.0008577984157098316,319
3,2,1,74,A*recent_burden,-0.0032216192181212734,0.0008577984157098316,319
3,2,1,75,A*salience_yesterday,0.010210107702549544,0.0008577984157098316,319
3,2,1,76,A*walk_interaction_7d,0.06490574290763866,0.0008577984157098316,319
4,2,2,0,intercept,-0.035833273807993296,0.0029386560978552534,319
4,2,2,1,weekday_vs_weekend,0.0,0.0029386560978552534,319
4,2,2,2,slot_pm,-0.0358332738079895,0.0029386560978552534,319
4,2,2,3,E_w,-0.0013307668642894583,0.0029386560978552534,319
4,2,2,4,weekday_vs_weekend*E_w,0.0,0.0029386560978552534,319
4,2,2,5,slot_pm*E_w,-0.0013307668642895268,0.0029386560978552534,319
4,2,2,6,b_hat,0.29219090741218184,0.0029386560978552534,319
4,2,2,7,weekday_vs_weekend*b_hat,0.0,0.0029386560978552534,319
4,2,2,8,slot_pm*b_hat,0.29219090741218107,0.0029386560978552534,319
4,2,2,9,b_tilde,0.0,0.0029386560978552534,319
4,2,2,10,M_Y_day1_fourSC_morning,-0.037745183244224954,0.0029386560978552534,319
4,2,2,11,M_Y_day1_fourSC_afternoon,-0.03873583943059226,0.0029386560978552534,319
4,2,2,12,M_Y_day1_anticipated_affect,0.5385821003455742,0.0029386560978552534,319
4,2,2,13,M_Y_day2_fourSC_morning,0.008102263330050602,0.0029386560978552534,319
4,2,2,14,M_Y_day2_fourSC_afternoon,0.0,0.0029386560978552534,319
4,2,2,15,M_Y_day2_anticipated_affect,0.0,0.0029386560978552534,319
4,2,2,16,M_Y_day3_fourSC_morning,0.0,0.0029386560978552534,319
4,2,2,17,M_Y_day3_fourSC_afternoon,0.0,0.0029386560978552534,319
4,2,2,18,M_Y_day3_anticipated_affect,0.0,0.0029386560978552534,319
4,2,2,19,M_Y_day4_fourSC_morning,0.0,0.0029386560978552534,319
4,2,2,20,M_Y_day4_fourSC_afternoon,0.0,0.0029386560978552534,319
4,2,2,21,M_Y_day4_anticipated_affect,0.0,0.0029386560978552534,319
4,2,2,22,M_Y_day5_fourSC_morning,0.0,0.0029386560978552534,319
4,2,2,23,M_Y_day5_fourSC_afternoon,0.0,0.0029386560978552534,319
4,2,2,24,M_Y_day5_anticipated_affect,0.0,0.0029386560978552534,319
4,2,2,25,M_Y_day6_fourSC_morning,0.0,0.0029386560978552534,319
4,2,2,26,M_Y_day6_fourSC_afternoon,0.0,0.0029386560978552534,319
4,2,2,27,M_Y_day6_anticipated_affect,0.0,0.0029386560978552534,319
4,2,2,28,M_E_day1_pageview_morning,0.03248343075221061,0.0029386560978552534,319
4,2,2,29,M_E_day1_pageview_afternoon,-0.03384246767054448,0.0029386560978552534,319
4,2,2,30,M_E_day1_morning_fitbit_wear,-0.06521877362689715,0.0029386560978552534,319
4,2,2,31,M_E_day1_daily_survey_complete,0.028310457449936252,0.0029386560978552534,319
4,2,2,32,M_E_day2_pageview_morning,0.03852125776456879,0.0029386560978552534,319
4,2,2,33,M_E_day2_pageview_afternoon,0.0,0.0029386560978552534,319
4,2,2,34,M_E_day2_morning_fitbit_wear,0.0,0.0029386560978552534,319
4,2,2,35,M_E_day2_daily_survey_complete,0.0,0.0029386560978552534,319
4,2,2,36,M_E_day3_pageview_morning,0.0,0.0029386560978552534,319
4,2,2,37,M_E_day3_pageview_afternoon,0.0,0.0029386560978552534,319
4,2,2,38,M_E_day3_morning_fitbit_wear,0.0,0.0029386560978552534,319
4,2,2,39,M_E_day3_daily_survey_complete,0.0,0.0029386560978552534,319
4,2,2,40,M_E_day4_pageview_morning,0.0,0.0029386560978552534,319
4,2,2,41,M_E_day4_pageview_afternoon,0.0,0.0029386560978552534,319
4,2,2,42,M_E_day4_morning_fitbit_wear,0.0,0.0029386560978552534,319
4,2,2,43,M_E_day4_daily_survey_complete,0.0,0.0029386560978552534,319
4,2,2,44,M_E_day5_pageview_morning,0.0,0.0029386560978552534,319
4,2,2,45,M_E_day5_pageview_afternoon,0.0,0.0029386560978552534,319
4,2,2,46,M_E_day5_morning_fitbit_wear,0.0,0.0029386560978552534,319
4,2,2,47,M_E_day5_daily_survey_complete,0.0,0.0029386560978552534,319
4,2,2,48,M_E_day6_pageview_morning,0.0,0.0029386560978552534,319
4,2,2,49,M_E_day6_pageview_afternoon,0.0,0.0029386560978552534,319
4,2,2,50,M_E_day6_morning_fitbit_wear,0.0,0.0029386560978552534,319
4,2,2,51,M_E_day6_daily_survey_complete,0.0,0.0029386560978552534,319
4,2,2,52,yesterday_step_count,0.005764480780420684,0.0029386560978552534,319
4,2,2,53,ema_step_count,0.018295634384620278,0.0029386560978552534,319
4,2,2,54,prior2hour_step_count,-0.013569422002380482,0.0029386560978552534,319
4,2,2,56,active_status_fraction_7days,0.14931192026148526,0.0029386560978552534,319
4,2,2,57,recent_burden,0.0038295535830308557,0.0029386560978552534,319
4,2,2,58,salience_yesterday,0.017368953633295634,0.0029386560978552534,319
4,2,2,59,walk_interaction_7d,-0.026850818207303846,0.0029386560978552534,319
4,2,2,60,A,0.01131343752064831,0.0029386560978552534,319
4,2,2,61,A*E_w,-0.004747939856675496,0.0029386560978552534,319
4,2,2,62,A*b_hat,0.013241716570633779,0.0029386560978552534,319
4,2,2,63,A*weekday_vs_weekend,0.0,0.0029386560978552534,319
4,2,2,64,A*slot_pm,0.01131343752064854,0.0029386560978552534,319
4,2,2,65,A*weekday_vs_weekend*E_w,0.0,0.0029386560978552534,319
4,2,2,66,A*slot_pm*E_w,-0.004747939856675384,0.0029386560978552534,319
4,2,2,67,A*weekday_vs_weekend*b_hat,0.0,0.0029386560978552534,319
4,2,2,68,A*slot_pm*b_hat,0.0132417165706338,0.0029386560978552534,319
4,2,2,69,A*yesterday_step_count,-0.0007082817871329605,0.0029386560978552534,319
4,2,2,70,A*ema_step_count,-0.0102691724060168,0.0029386560978552534,319
4,2,2,71,A*prior2hour_step_count,0.01591159725841941,0.0029386560978552534,319
4,2,2,73,A*active_status_fraction_7days,-0.019733940310683193,0.0029386560978552534,319
4,2,2,74,A*recent_burden,-0.0043512871433167895,0.0029386560978552534,319
4,2,2,75,A*salience_yesterday,-0.008518175454389031,0.0029386560978552534,319
4,2,2,76,A*walk_interaction_7d,0.0031183561433733046,0.0029386560978552534,319
5,3,1,0,intercept,-0.08579816002268344,0.0011709093319266404,319
5,3,1,1,weekday_vs_weekend,0.0,0.0011709093319266404,319
5,3,1,2,slot_pm,0.0,0.0011709093319266404,319
5,3,1,3,E_w,-0.005683604000773371,0.0011709093319266404,319
5,3,1,4,weekday_vs_weekend*E_w,0.0,0.0011709093319266404,319
5,3,1,5,slot_pm*E_w,0.0,0.0011709093319266404,319
5,3,1,6,b_hat,0.6171798794425872,0.0011709093319266404,319
5,3,1,7,weekday_vs_weekend*b_hat,0.0,0.0011709093319266404,319
5,3,1,8,slot_pm*b_hat,0.0,0.0011709093319266404,319
5,3,1,9,b_tilde,0.0,0.0011709093319266404,319
5,3,1,10,M_Y_day1_fourSC_morning,-0.046160210940853645,0.0011709093319266404,319
5,3,1,11,M_Y_day1_fourSC_afternoon,-0.06275276379705275,0.0011709093319266404,319
5,3,1,12,M_Y_day1_anticipated_affect,0.37728529701430985,0.0011709093319266404,319
5,3,1,13,M_Y_day2_fourSC_morning,0.011915868811992266,0.0011709093319266404,319
5,3,1,14,M_Y_day2_fourSC_afternoon,0.04445581454770921,0.0011709093319266404,319
5,3,1,15,M_Y_day2_anticipated_affect,0.2697391686244712,0.0011709093319266404,319
5,3,1,16,M_Y_day3_fourSC_morning,0.0,0.0011709093319266404,319
5,3,1,17,M_Y_day3_fourSC_afternoon,0.0,0.0011709093319266404,319
5,3,1,18,M_Y_day3_anticipated_affect,0.0,0.0011709093319266404,319
5,3,1,19,M_Y_day4_fourSC_morning,0.0,0.0011709093319266404,319
5,3,1,20,M_Y_day4_fourSC_afternoon,0.0,0.0011709093319266404,319
5,3,1,21,M_Y_day4_anticipated_affect,0.0,0.0011709093319266404,319
5,3,1,22,M_Y_day5_fourSC_morning,0.0,0.0011709093319266404,319
5,3,1,23,M_Y_day5_fourSC_afternoon,0.0,0.0011709093319266404,319
5,3,1,24,M_Y_day5_anticipated_affect,0.0,0.0011709093319266404,319
5,3,1,25,M_Y_day6_fourSC_morning,0.0,0.0011709093319266404,319
5,3,1,26,M_Y_day6_fourSC_afternoon,0.0,0.0011709093319266404,319
5,3,1,27,M_Y_day6_anticipated_affect,0.0,0.0011709093319266404,319
5,3,1,28,M_E_day1_pageview_morning,0.04181164619630605,0.0011709093319266404,319
5,3,1,29,M_E_day1_pageview_afternoon,-0.03796918452503483,0.0011709093319266404,319
5,3,1,30,M_E_day1_morning_fitbit_wear,0.021827069660307365,0.0011709093319266404,319
5,3,1,31,M_E_day1_daily_survey_complete,0.039586876564214286,0.0011709093319266404,319
5,3,1,32,M_E_day2_pageview_morning,0.039888839108066274,0.0011709093319266404,319
5,3,1,33,M_E_day2_pageview_afternoon,-0.0015860164576747163,0.0011709093319266404,319
5,3,1,34,M_E_day2_morning_fitbit_wear,-0.12675490550648805,0.0011709093319266404,319
5,3,1,35,M_E_day2_daily_survey_complete,-0.0283856775089678,0.0011709093319266404,319
5,3,1,36,M_E_day3_pageview_morning,0.0,0.0011709093319266404,319
5,3,1,37,M_E_day3_pageview_afternoon,0.0,0.0011709093319266404,319
5,3,1,38,M_E_day3_morning_fitbit_wear,0.0,0.0011709093319266404,319
5,3,1,39,M_E_day3_daily_survey_complete,0.0,0.0011709093319266404,319
5,3,1,40,M_E_day4_pageview_morning,0.0,0.0011709093319266404,319
5,3,1,41,M_E_day4_pageview_afternoon,0.0,0.0011709093319266404,319
5,3,1,42,M_E_day4_morning_fitbit_wear,0.0,0.0011709093319266404,319
5,3,1,43,M_E_day4_daily_survey_complete,0.0,0.0011709093319266404,319
5,3,1,44,M_E_day5_pageview_morning,0.0,0.0011709093319266404,319
5,3,1,45,M_E_day5_pageview_afternoon,0.0,0.0011709093319266404,319
5,3,1,46,M_E_day5_morning_fitbit_wear,0.0,0.0011709093319266404,319
5,3,1,47,M_E_day5_daily_survey_complete,0.0,0.0011709093319266404,319
5,3,1,48,M_E_day6_pageview_morning,0.0,0.0011709093319266404,319
5,3,1,49,M_E_day6_pageview_afternoon,0.0,0.0011709093319266404,319
5,3,1,50,M_E_day6_morning_fitbit_wear,0.0,0.0011709093319266404,319
5,3,1,51,M_E_day6_daily_survey_complete,0.0,0.0011709093319266404,319
5,3,1,52,yesterday_step_count,0.00902094295195358,0.0011709093319266404,319
5,3,1,53,ema_step_count,0.0022136801802031523,0.0011709093319266404,319
5,3,1,54,prior2hour_step_count,-0.00857109018589016,0.0011709093319266404,319
5,3,1,56,active_status_fraction_7days,0.14909618221821178,0.0011709093319266404,319
5,3,1,57,recent_burden,0.0067853378154271995,0.0011709093319266404,319
5,3,1,58,salience_yesterday,0.009278679237207755,0.0011709093319266404,319
5,3,1,59,walk_interaction_7d,-0.026146748745841112,0.0011709093319266404,319
5,3,1,60,A,0.0077283973890649865,0.0011709093319266404,319
5,3,1,61,A*E_w,-0.0054600956489483975,0.0011709093319266404,319
5,3,1,62,A*b_hat,-0.004840742779039568,0.0011709093319266404,319
5,3,1,63,A*weekday_vs_weekend,0.0,0.0011709093319266404,319
5,3,1,64,A*slot_pm,0.0,0.0011709093319266404,319
5,3,1,65,A*weekday_vs_weekend*E_w,0.0,0.0011709093319266404,319
5,3,1,66,A*slot_pm*E_w,0.0,0.0011709093319266404,319
5,3,1,67,A*weekday_vs_weekend*b_hat,0.0,0.0011709093319266404,319
5,3,1,68,A*slot_pm*b_hat,0.0,0.0011709093319266404,319
5,3,1,69,A*yesterday_step_count,0.004712959272327372,0.0011709093319266404,319
5,3,1,70,A*ema_step_count,0.00018322079470699677,0.0011709093319266404,319
5,3,1,71,A*prior2hour_step_count,0.00017290383001441985,0.0011709093319266404,319
5,3,1,73,A*active_status_fraction_7days,0.003172329791111239,0.0011709093319266404,319
5,3,1,74,A*recent_burden,-0.0017337435194120497,0.0011709093319266404,319
5,3,1,75,A*salience_yesterday,-0.004387979318068108,0.0011709093319266404,319
5,3,1,76,A*walk_interaction_7d,-0.017172390803138756,0.0011709093319266404,319
6,3,2,0,intercept,-0.06868961576670402,0.006536816330956293,319
6,3,2,1,weekday_vs_weekend,0.0,0.006536816330956293,319
6,3,2,2,slot_pm,-0.06868961576671037,0.006536816330956293,319
6,3,2,3,E_w,-0.0036966164267792246,0.006536816330956293,319
6,3,2,4,weekday_vs_weekend*E_w,0.0,0.006536816330956293,319
6,3,2,5,slot_pm*E_w,-0.0036966164267793564,0.006536816330956293,319
6,3,2,6,b_hat,0.3245788238277056,0.006536816330956293,319
6,3,2,7,weekday_vs_weekend*b_hat,0.0,0.006536816330956293,319
6,3,2,8,slot_pm*b_hat,0.32457882382770564,0.006536816330956293,319
6,3,2,9,b_tilde,0.0,0.006536816330956293,319
6,3,2,10,M_Y_day1_fourSC_morning,-0.0358885140120113,0.006536816330956293,319
6,3,2,11,M_Y_day1_fourSC_afternoon,-0.05949326491797166,0.006536816330956293,319
6,3,2,12,M_Y_day1_anticipated_affect,0.4143025333590987,0.006536816330956293,319
6,3,2,13,M_Y_day2_fourSC_morning,0.021825444132005427,0.006536816330956293,319
6,3,2,14,M_Y_day2_fourSC_afternoon,0.04683669971479853,0.006536816330956293,319
6,3,2,15,M_Y_day2_anticipated_affect,0.29107080446641714,0.006536816330956293,319
6,3,2,16,M_Y_day3_fourSC_morning,-0.040992254339490906,0.006536816330956293,319
6,3,2,17,M_Y_day3_fourSC_afternoon,0.0,0.006536816330956293,319
6,3,2,18,M_Y_day3_anticipated_affect,0.0,0.006536816330956293,319
6,3,2,19,M_Y_day4_fourSC_morning,0.0,0.006536816330956293,319
6,3,2,20,M_Y_day4_fourSC_afternoon,0.0,0.006536816330956293,319
6,3,2,21,M_Y_day4_anticipated_affect,0.0,0.006536816330956293,319
6,3,2,22,M_Y_day5_fourSC_morning,0.0,0.006536816330956293,319
6,3,2,23,M_Y_day5_fourSC_afternoon,0.0,0.006536816330956293,319
6,3,2,24,M_Y_day5_anticipated_affect,0.0,0.006536816330956293,319
6,3,2,25,M_Y_day6_fourSC_morning,0.0,0.006536816330956293,319
6,3,2,26,M_Y_day6_fourSC_afternoon,0.0,0.006536816330956293,319
6,3,2,27,M_Y_day6_anticipated_affect,0.0,0.006536816330956293,319
6,3,2,28,M_E_day1_pageview_morning,0.04842306546716991,0.006536816330956293,319
6,3,2,29,M_E_day1_pageview_afternoon,-0.04399837598219794,0.006536816330956293,319
6,3,2,30,M_E_day1_morning_fitbit_wear,0.03544674705950015,0.006536816330956293,319
6,3,2,31,M_E_day1_daily_survey_complete,0.04299408372580954,0.006536816330956293,319
6,3,2,32,M_E_day2_pageview_morning,0.04553489624321992,0.006536816330956293,319
6,3,2,33,M_E_day2_pageview_afternoon,0.0004662611456264425,0.006536816330956293,319
6,3,2,34,M_E_day2_morning_fitbit_wear,-0.12771823625765039,0.006536816330956293,319
6,3,2,35,M_E_day2_daily_survey_complete,-0.03895854502391705,0.006536816330956293,319
6,3,2,36,M_E_day3_pageview_morning,-0.030318978220221872,0.006536816330956293,319
6,3,2,37,M_E_day3_pageview_afternoon,0.0,0.006536816330956293,319
6,3,2,38,M_E_day3_morning_fitbit_wear,0.0,0.006536816330956293,319
6,3,2,39,M_E_day3_daily_survey_complete,0.0,0.006536816330956293,319
6,3,2,40,M_E_day4_pageview_morning,0.0,0.006536816330956293,319
6,3,2,41,M_E_day4_pageview_afternoon,0.0,0.006536816330956293,319
6,3,2,42,M_E_day4_morning_fitbit_wear,0.0,0.006536816330956293,319
6,3,2,43,M_E_day4_daily_survey_complete,0.0,0.006536816330956293,319
6,3,2,44,M_E_day5_pageview_morning,0.0,0.006536816330956293,319
6,3,2,45,M_E_day5_pageview_afternoon,0.0,0.006536816330956293,319
6,3,2,46,M_E_day5_morning_fitbit_wear,0.0,0.006536816330956293,319
6,3,2,47,M_E_day5_daily_survey_complete,0.0,0.006536816330956293,319
6,3,2,48,M_E_day6_pageview_morning,0.0,0.006536816330956293,319
6,3,2,49,M_E_day6_pageview_afternoon,0.0,0.006536816330956293,319
6,3,2,50,M_E_day6_morning_fitbit_wear,0.0,0.006536816330956293,319
6,3,2,51,M_E_day6_daily_survey_complete,0.0,0.006536816330956293,319
6,3,2,52,yesterday_step_count,0.006029044273331608,0.006536816330956293,319
6,3,2,53,ema_step_count,0.002575584373817618,0.006536816330956293,319
6,3,2,54,prior2hour_step_count,-0.007439293883564616,0.006536816330956293,319
6,3,2,56,active_status_fraction_7days,0.18801463051763703,0.006536816330956293,319
6,3,2,57,recent_burden,0.006352494096748486,0.006536816330956293,319
6,3,2,58,salience_yesterday,0.011096173037481937,0.006536816330956293,319
6,3,2,59,walk_interaction_7d,-0.019334592848216443,0.006536816330956293,319
6,3,2,60,A,0.006670799613820347,0.006536816330956293,319
6,3,2,61,A*E_w,0.00025093713132501343,0.006536816330956293,319
6,3,2,62,A*b_hat,0.0034865157064484444,0.006536816330956293,319
6,3,2,63,A*weekday_vs_weekend,0.0,0.006536816330956293,319
6,3,2,64,A*slot_pm,0.006670799613820484,0.006536816330956293,319
6,3,2,65,A*weekday_vs_weekend*E_w,0.0,0.006536816330956293,319
6,3,2,66,A*slot_pm*E_w,0.0002509371313250938,0.006536816330956293,319
6,3,2,67,A*weekday_vs_weekend*b_hat,0.0,0.006536816330956293,319
6,3,2,68,A*slot_pm*b_hat,0.0034865157064484288,0.006536816330956293,319
6,3,2,69,A*yesterday_step_count,0.006822650257902759,0.006536816330956293,319
6,3,2,70,A*ema_step_count,0.005978390845940731,0.006536816330956293,319
6,3,2,71,A*prior2hour_step_count,-0.0025431039379049387,0.006536816330956293,319
6,3,2,73,A*active_status_fraction_7days,-0.007506633007714709,0.006536816330956293,319
6,3,2,74,A*recent_burden,-0.010963577484399332,0.006536816330956293,319
6,3,2,75,A*salience_yesterday,-0.013902627035917615,0.006536816330956293,319
6,3,2,76,A*walk_interaction_7d,-0.07725780417707799,0.006536816330956293,319
7,4,1,0,intercept,-0.21562873889261258,0.0022574267856549602,319
7,4,1,1,weekday_vs_weekend,0.0,0.0022574267856549602,319
7,4,1,2,slot_pm,0.0,0.0022574267856549602,319
7,4,1,3,E_w,0.005583145686710575,0.0022574267856549602,319
7,4,1,4,weekday_vs_weekend*E_w,0.0,0.0022574267856549602,319
7,4,1,5,slot_pm*E_w,0.0,0.0022574267856549602,319
7,4,1,6,b_hat,0.680067067760775,0.0022574267856549602,319
7,4,1,7,weekday_vs_weekend*b_hat,0.0,0.0022574267856549602,319
7,4,1,8,slot_pm*b_hat,0.0,0.0022574267856549602,319
7,4,1,9,b_tilde,0.0,0.0022574267856549602,319
7,4,1,10,M_Y_day1_fourSC_morning,-0.025352339929939034,0.0022574267856549602,319
7,4,1,11,M_Y_day1_fourSC_afternoon,-0.03875385378594356,0.0022574267856549602,319
7,4,1,12,M_Y_day1_anticipated_affect,0.32310243061751,0.0022574267856549602,319
7,4,1,13,M_Y_day2_fourSC_morning,0.03716274089777535,0.0022574267856549602,319
7,4,1,14,M_Y_day2_fourSC_afternoon,0.08282579300622353,0.0022574267856549602,319
7,4,1,15,M_Y_day2_anticipated_affect,0.20128298852535134,0.0022574267856549602,319
7,4,1,16,M_Y_day3_fourSC_morning,-0.04168311089697093,0.0022574267856549602,319
7,4,1,17,M_Y_day3_fourSC_afternoon,-0.05042572271053141,0.0022574267856549602,319
7,4,1,18,M_Y_day3_anticipated_affect,0.2770222537240224,0.0022574267856549602,319
7,4,1,19,M_Y_day4_fourSC_morning,0.0,0.0022574267856549602,319
7,4,1,20,M_Y_day4_fourSC_afternoon,0.0,0.0022574267856549602,319
7,4,1,21,M_Y_day4_anticipated_affect,0.0,0.0022574267856549602,319
7,4,1,22,M_Y_day5_fourSC_morning,0.0,0.0022574267856549602,319
7,4,1,23,M_Y_day5_fourSC_afternoon,0.0,0.0022574267856549602,319
7,4,1,24,M_Y_day5_anticipated_affect,0.0,0.0022574267856549602,319
7,4,1,25,M_Y_day6_fourSC_morning,0.0,0.0022574267856549602,319
7,4,1,26,M_Y_day6_fourSC_afternoon,0.0,0.0022574267856549602,319
7,4,1,27,M_Y_day6_anticipated_affect,0.0,0.0022574267856549602,319
7,4,1,28,M_E_day1_pageview_morning,0.05030160754725357,0.0022574267856549602,319
7,4,1,29,M_E_day1_pageview_afternoon,-0.04435536076299516,0.0022574267856549602,319
7,4,1,30,M_E_day1_morning_fitbit_wear,0.07116792111453092,0.0022574267856549602,319
7,4,1,31,M_E_day1_daily_survey_complete,0.042331692405499756,0.0022574267856549602,319
7,4,1,32,M_E_day2_pageview_morning,0.04348261523667083,0.0022574267856549602,319
7,4,1,33,M_E_day2_pageview_afternoon,0.0034414278582192218,0.0022574267856549602,319
7,4,1,34,M_E_day2_morning_fitbit_wear,-0.09964038356999662,0.0022574267856549602,319
7,4,1,35,M_E_day2_daily_survey_complete,-0.05657334064774547,0.0022574267856549602,319
7,4,1,36,M_E_day3_pageview_morning,-0.040477841663432004,0.0022574267856549602,319
7,4,1,37,M_E_day3_pageview_afternoon,-0.06692836981094084,0.0022574267856549602,319
7,4,1,38,M_E_day3_morning_fitbit_wear,-0.060840913217238064,0.0022574267856549602,319
7,4,1,39,M_E_day3_daily_survey_complete,-0.008648076349336004,0.0022574267856549602,319
7,4,1,40,M_E_day4_pageview_morning,0.0,0.0022574267856549602,319
7,4,1,41,M_E_day4_pageview_afternoon,0.0,0.0022574267856549602,319
7,4,1,42,M_E_day4_morning_fitbit_wear,0.0,0.0022574267856549602,319
7,4,1,43,M_E_day4_daily_survey_complete,0.0,0.0022574267856549602,319
7,4,1,44,M_E_day5_pageview_morning,0.0,0.0022574267856549602,319
7,4,1,45,M_E_day5_pageview_afternoon,0.0,0.0022574267856549602,319
7,4,1,46,M_E_day5_morning_fitbit_wear,0.0,0.0022574267856549602,319
7,4,1,47,M_E_day5_daily_survey_complete,0.0,0.0022574267856549602,319
7,4,1,48,M_E_day6_pageview_morning,0.0,0.0022574267856549602,319
7,4,1,49,M_E_day6_pageview_afternoon,0.0,0.0022574267856549602,319
7,4,1,50,M_E_day6_morning_fitbit_wear,0.0,0.0022574267856549602,319
7,4,1,51,M_E_day6_daily_survey_complete,0.0,0.0022574267856549602,319
7,4,1,52,yesterday_step_count,-0.030059321188082737,0.0022574267856549602,319
7,4,1,53,ema_step_count,0.014599957557793367,0.0022574267856549602,319
7,4,1,54,prior2hour_step_count,0.0006731378898380715,0.0022574267856549602,319
7,4,1,56,active_status_fraction_7days,0.22213085290326648,0.0022574267856549602,319
7,4,1,57,recent_burden,0.0015861503171423741,0.0022574267856549602,319
7,4,1,58,salience_yesterday,-0.022323709597403225,0.0022574267856549602,319
7,4,1,59,walk_interaction_7d,-0.048597541883667446,0.0022574267856549602,319
7,4,1,60,A,-0.02942727765622224,0.0022574267856549602,319
7,4,1,61,A*E_w,-0.005627604995228249,0.0022574267856549602,319
7,4,1,62,A*b_hat,0.0009801583979353226,0.0022574267856549602,319
7,4,1,63,A*weekday_vs_weekend,0.0,0.0022574267856549602,319
7,4,1,64,A*slot_pm,0.0,0.0022574267856549602,319
7,4,1,65,A*weekday_vs_weekend*E_w,0.0,0.0022574267856549602,319
7,4,1,66,A*slot_pm*E_w,0.0,0.0022574267856549602,319
7,4,1,67,A*weekday_vs_weekend*b_hat,0.0,0.0022574267856549602,319
7,4,1,68,A*slot_pm*b_hat,0.0,0.0022574267856549602,319
7,4,1,69,A*yesterday_step_count,-0.014630776123285876,0.0022574267856549602,319
7,4,1,70,A*ema_step_count,-0.014082753974648577,0.0022574267856549602,319
7,4,1,71,A*prior2hour_step_count,0.00964956771758403,0.0022574267856549602,319
7,4,1,73,A*active_status_fraction_7days,0.041408068501603223,0.0022574267856549602,319
7,4,1,74,A*recent_burden,-0.003972821936166732,0.0022574267856549602,319
7,4,1,75,A*salience_yesterday,0.02167663169646881,0.0022574267856549602,319
7,4,1,76,A*walk_interaction_7d,0.07708256904931092,0.0022574267856549602,319
8,4,2,0,intercept,-0.11734932881903244,0.004767948398334078,319
8,4,2,1,weekday_vs_weekend,0.0,0.004767948398334078,319
8,4,2,2,slot_pm,-0.11734932881902926,0.004767948398334078,319
8,4,2,3,E_w,-0.001258389316921311,0.004767948398334078,319
8,4,2,4,weekday_vs_weekend*E_w,0.0,0.004767948398334078,319
8,4,2,5,slot_pm*E_w,-0.0012583893169213825,0.004767948398334078,319
8,4,2,6,b_hat,0.3529894433368085,0.004767948398334078,319
8,4,2,7,weekday_vs_weekend*b_hat,0.0,0.004767948398334078,319
8,4,2,8,slot_pm*b_hat,0.35298944333680615,0.004767948398334078,319
8,4,2,9,b_tilde,0.0,0.004767948398334078,319
8,4,2,10,M_Y_day1_fourSC_morning,-0.021417276681367767,0.004767948398334078,319
8,4,2,11,M_Y_day1_fourSC_afternoon,-0.04013235934060523,0.004767948398334078,319
8,4,2,12,M_Y_day1_anticipated_affect,0.38769066638161087,0.004767948398334078,319
8,4,2,13,M_Y_day2_fourSC_morning,0.03877097526184472,0.004767948398334078,319
8,4,2,14,M_Y_day2_fourSC_afternoon,0.09491920083553906,0.004767948398334078,319
8,4,2,15,M_Y_day2_anticipated_affect,0.16288742329656813,0.004767948398334078,319
8,4,2,16,M_Y_day3_fourSC_morning,-0.03475823461684799,0.004767948398334078,319
8,4,2,17,M_Y_day3_fourSC_afternoon,-0.051700185433156604,0.004767948398334078,319
8,4,2,18,M_Y_day3_anticipated_affect,0.31832715939869205,0.004767948398334078,319
8,4,2,19,M_Y_day4_fourSC_morning,-0.017772795461738208,0.004767948398334078,319
8,4,2,20,M_Y_day4_fourSC_afternoon,0.0,0.004767948398334078,319
8,4,2,21,M_Y_day4_anticipated_affect,0.0,0.004767948398334078,319
8,4,2,22,M_Y_day5_fourSC_morning,0.0,0.004767948398334078,319
8,4,2,23,M_Y_day5_fourSC_afternoon,0.0,0.004767948398334078,319
8,4,2,24,M_Y_day5_anticipated_affect,0.0,0.004767948398334078,319
8,4,2,25,M_Y_day6_fourSC_morning,0.0,0.004767948398334078,319
8,4,2,26,M_Y_day6_fourSC_afternoon,0.0,0.004767948398334078,319
8,4,2,27,M_Y_day6_anticipated_affect,0.0,0.004767948398334078,319
8,4,2,28,M_E_day1_pageview_morning,0.053142668216298865,0.004767948398334078,319
8,4,2,29,M_E_day1_pageview_afternoon,-0.05059253791969727,0.004767948398334078,319
8,4,2,30,M_E_day1_morning_fitbit_wear,0.06726174379353496,0.004767948398334078,319
8,4,2,31,M_E_day1_daily_survey_complete,0.03977992534795684,0.004767948398334078,319
8,4,2,32,M_E_day2_pageview_morning,0.03232225224474816,0.004767948398334078,319
8,4,2,33,M_E_day2_pageview_afternoon,0.004292701139160878,0.004767948398334078,319
8,4,2,34,M_E_day2_morning_fitbit_wear,-0.11284891467398997,0.004767948398334078,319
8,4,2,35,M_E_day2_daily_survey_complete,-0.0638321182875611,0.004767948398334078,319
8,4,2,36,M_E_day3_pageview_morning,-0.061574048272531365,0.004767948398334078,319
8,4,2,37,M_E_day3_pageview_afternoon,-0.07074685192766729,0.004767948398334078,319
8,4,2,38,M_E_day3_morning_fitbit_wear,-0.055070060853374174,0.004767948398334078,319
8,4,2,39,M_E_day3_daily_survey_complete,-0.006433225337228617,0.004767948398334078,319
8,4,2,40,M_E_day4_pageview_morning,0.06253500616189861,0.004767948398334078,319
8,4,2,41,M_E_day4_pageview_afternoon,0.0,0.004767948398334078,319
8,4,2,42,M_E_day4_morning_fitbit_wear,0.0,0.004767948398334078,319
8,4,2,43,M_E_day4_daily_survey_complete,0.0,0.004767948398334078,319
8,4,2,44,M_E_day5_pageview_morning,0.0,0.004767948398334078,319
8,4,2,45,M_E_day5_pageview_afternoon,0.0,0.004767948398334078,319
8,4,2,46,M_E_day5_morning_fitbit_wear,0.0,0.004767948398334078,319
8,4,2,47,M_E_day5_daily_survey_complete,0.0,0.004767948398334078,319
8,4,2,48,M_E_day6_pageview_morning,0.0,0.004767948398334078,319
8,4,2,49,M_E_day6_pageview_afternoon,0.0,0.004767948398334078,319
8,4,2,50,M_E_day6_morning_fitbit_wear,0.0,0.004767948398334078,319
8,4,2,51,M_E_day6_daily_survey_complete,0.0,0.004767948398334078,319
8,4,2,52,yesterday_step_count,-0.03781625812451349,0.004767948398334078,319
8,4,2,53,ema_step_count,0.017172237052170105,0.004767948398334078,319
8,4,2,54,prior2hour_step_count,0.011156772989224727,0.004767948398334078,319
8,4,2,56,active_status_fraction_7days,0.2498722032809399,0.004767948398334078,319
8,4,2,57,recent_burden,-0.003017703653437967,0.004767948398334078,319
8,4,2,58,salience_yesterday,-0.02116934915895991,0.004767948398334078,319
8,4,2,59,walk_interaction_7d,-0.0423088965018696,0.004767948398334078,319
8,4,2,60,A,-0.009412287750925943,0.004767948398334078,319
8,4,2,61,A*E_w,0.0026819059404586685,0.004767948398334078,319
8,4,2,62,A*b_hat,0.007798287328461341,0.004767948398334078,319
8,4,2,63,A*weekday_vs_weekend,0.0,0.004767948398334078,319
8,4,2,64,A*slot_pm,-0.009412287750925745,0.004767948398334078,319
8,4,2,65,A*weekday_vs_weekend*E_w,0.0,0.004767948398334078,319
8,4,2,66,A*slot_pm*E_w,0.002681905940458578,0.004767948398334078,319
8,4,2,67,A*weekday_vs_weekend*b_hat,0.0,0.004767948398334078,319
8,4,2,68,A*slot_pm*b_hat,0.0077982873284612895,0.004767948398334078,319
8,4,2,69,A*yesterday_step_count,-0.0025616540569217924,0.004767948398334078,319
8,4,2,70,A*ema_step_count,-0.010742953021580116,0.004767948398334078,319
8,4,2,71,A*prior2hour_step_count,0.004659664900470617,0.004767948398334078,319
8,4,2,73,A*active_status_fraction_7days,0.027945239087807088,0.004767948398334078,319
8,4,2,74,A*recent_burden,0.008902423923604371,0.004767948398334078,319
8,4,2,75,A*salience_yesterday,0.010201399189342425,0.004767948398334078,319
8,4,2,76,A*walk_interaction_7d,-0.012262357895857435,0.004767948398334078,319
9,5,1,0,intercept,-0.2716654803393382,0.0015945133352950776,319
9,5,1,1,weekday_vs_weekend,0.0,0.0015945133352950776,319
9,5,1,2,slot_pm,0.0,0.0015945133352950776,319
9,5,1,3,E_w,-0.0005767117060362739,0.0015945133352950776,319
9,5,1,4,weekday_vs_weekend*E_w,0.0,0.0015945133352950776,319
9,5,1,5,slot_pm*E_w,0.0,0.0015945133352950776,319
9,5,1,6,b_hat,0.7355111382090155,0.0015945133352950776,319
9,5,1,7,weekday_vs_weekend*b_hat,0.0,0.0015945133352950776,319
9,5,1,8,slot_pm*b_hat,0.0,0.0015945133352950776,319
9,5,1,9,b_tilde,0.0,0.0015945133352950776,319
9,5,1,10,M_Y_day1_fourSC_morning,-0.03155374544533267,0.0015945133352950776,319
9,5,1,11,M_Y_day1_fourSC_afternoon,-0.044852476492211586,0.0015945133352950776,319
9,5,1,12,M_Y_day1_anticipated_affect,0.2610038410728693,0.0015945133352950776,319
9,5,1,13,M_Y_day2_fourSC_morning,0.005039734871170869,0.0015945133352950776,319
9,5,1,14,M_Y_day2_fourSC_afternoon,0.06959513090735824,0.0015945133352950776,319
9,5,1,15,M_Y_day2_anticipated_affect,0.1372003343837617,0.0015945133352950776,319
9,5,1,16,M_Y_day3_fourSC_morning,0.01639097360668889,0.0015945133352950776,319
9,5,1,17,M_Y_day3_fourSC_afternoon,-0.04283754930965482,0.0015945133352950776,319
9,5,1,18,M_Y_day3_anticipated_affect,0.24887614475144945,0.0015945133352950776,319
9,5,1,19,M_Y_day4_fourSC_morning,-0.03809746270740397,0.0015945133352950776,319
9,5,1,20,M_Y_day4_fourSC_afternoon,0.07376139039640546,0.0015945133352950776,319
9,5,1,21,M_Y_day4_anticipated_affect,0.32923295368093014,0.0015945133352950776,319
9,5,1,22,M_Y_day5_fourSC_morning,0.0,0.0015945133352950776,319
9,5,1,23,M_Y_day5_fourSC_afternoon,0.0,0.0015945133352950776,319
9,5,1,24,M_Y_day5_anticipated_affect,0.0,0.0015945133352950776,319
9,5,1,25,M_Y_day6_fourSC_morning,0.0,0.0015945133352950776,319
9,5,1,26,M_Y_day6_fourSC_afternoon,0.0,0.0015945133352950776,319
9,5,1,27,M_Y_day6_anticipated_affect,0.0,0.0015945133352950776,319
9,5,1,28,M_E_day1_pageview_morning,0.05537736838288491,0.0015945133352950776,319
9,5,1,29,M_E_day1_pageview_afternoon,-0.05042758417307057,0.0015945133352950776,319
9,5,1,30,M_E_day1_morning_fitbit_wear,0.08712447172277266,0.0015945133352950776,319
9,5,1,31,M_E_day1_daily_survey_complete,0.047836966602751295,0.0015945133352950776,319
9,5,1,32,M_E_day2_pageview_morning,0.03275186308515088,0.0015945133352950776,319
9,5,1,33,M_E_day2_pageview_afternoon,0.008547589058387156,0.0015945133352950776,319
9,5,1,34,M_E_day2_morning_fitbit_wear,-0.10696697930186898,0.0015945133352950776,319
9,5,1,35,M_E_day2_daily_survey_complete,-0.06538978287151304,0.0015945133352950776,319
9,5,1,36,M_E_day3_pageview_morning,-0.06251785378087456,0.0015945133352950776,319
9,5,1,37,M_E_day3_pageview_afternoon,-0.0850186565371621,0.0015945133352950776,319
9,5,1,38,M_E_day3_morning_fitbit_wear,-0.006623289538777742,0.0015945133352950776,319
9,5,1,39,M_E_day3_daily_survey_complete,-0.008858825342461582,0.0015945133352950776,319
9,5,1,40,M_E_day4_pageview_morning,0.053409899300905894,0.0015945133352950776,319
9,5,1,41,M_E_day4_pageview_afternoon,0.0437187007171787,0.0015945133352950776,319
9,5,1,42,M_E_day4_morning_fitbit_wear,-0.09988049880680941,0.0015945133352950776,319
9,5,1,43,M_E_day4_daily_survey_complete,-0.0055562208933008185,0.0015945133352950776,319
9,5,1,44,M_E_day5_pageview_morning,0.0,0.0015945133352950776,319
9,5,1,45,M_E_day5_pageview_afternoon,0.0,0.0015945133352950776,319
9,5,1,46,M_E_day5_morning_fitbit_wear,0.0,0.0015945133352950776,319
9,5,1,47,M_E_day5_daily_survey_complete,0.0,0.0015945133352950776,319
9,5,1,48,M_E_day6_pageview_morning,0.0,0.0015945133352950776,319
9,5,1,49,M_E_day6_pageview_afternoon,0.0,0.0015945133352950776,319
9,5,1,50,M_E_day6_morning_fitbit_wear,0.0,0.0015945133352950776,319
9,5,1,51,M_E_day6_daily_survey_complete,0.0,0.0015945133352950776,319
9,5,1,52,yesterday_step_count,-0.07364783829841498,0.0015945133352950776,319
9,5,1,53,ema_step_count,0.011946264765765985,0.0015945133352950776,319
9,5,1,54,prior2hour_step_count,0.007353885561388916,0.0015945133352950776,319
9,5,1,56,active_status_fraction_7days,0.2686073155304325,0.0015945133352950776,319
9,5,1,57,recent_burden,0.00962974432606332,0.0015945133352950776,319
9,5,1,58,salience_yesterday,-0.01554646920003762,0.0015945133352950776,319
9,5,1,59,walk_interaction_7d,-0.08287865283301099,0.0015945133352950776,319
9,5,1,60,A,-0.02395582987910936,0.0015945133352950776,319
9,5,1,61,A*E_w,0.0024222330312646933,0.0015945133352950776,319
9,5,1,62,A*b_hat,-0.008984373971599978,0.0015945133352950776,319
9,5,1,63,A*weekday_vs_weekend,0.0,0.0015945133352950776,319
9,5,1,64,A*slot_pm,0.0,0.0015945133352950776,319
9,5,1,65,A*weekday_vs_weekend*E_w,0.0,0.0015945133352950776,319
9,5,1,66,A*slot_pm*E_w,0.0,0.0015945133352950776,319
9,5,1,67,A*weekday_vs_weekend*b_hat,0.0,0.0015945133352950776,319
9,5,1,68,A*slot_pm*b_hat,0.0,0.0015945133352950776,319
9,5,1,69,A*yesterday_step_count,0.008892443214587303,0.0015945133352950776,319
9,5,1,70,A*ema_step_count,-0.005631229349037267,0.0015945133352950776,319
9,5,1,71,A*prior2hour_step_count,0.004781103616891102,0.0015945133352950776,319
9,5,1,73,A*active_status_fraction_7days,0.03417145913823375,0.0015945133352950776,319
9,5,1,74,A*recent_burden,0.0010280290786030025,0.0015945133352950776,319
9,5,1,75,A*salience_yesterday,0.0067955894624550294,0.0015945133352950776,319
9,5,1,76,A*walk_interaction_7d,-0.04121731898778053,0.0015945133352950776,319
10,5,2,0,intercept,-0.17141798007875722,0.00928938058615185,319
10,5,2,1,weekday_vs_weekend,0.0,0.00928938058615185,319
10,5,2,2,slot_pm,-0.17141798007875228,0.00928938058615185,319
10,5,2,3,E_w,0.001637597208135172,0.00928938058615185,319
10,5,2,4,weekday_vs_weekend*E_w,0.0,0.00928938058615185,319
10,5,2,5,slot_pm*E_w,0.001637597208135043,0.00928938058615185,319
10,5,2,6,b_hat,0.3891149204182644,0.00928938058615185,319
10,5,2,7,weekday_vs_weekend*b_hat,0.0,0.00928938058615185,319
10,5,2,8,slot_pm*b_hat,0.38911492041826234,0.00928938058615185,319
10,5,2,9,b_tilde,0.0,0.00928938058615185,319
10,5,2,10,M_Y_day1_fourSC_morning,-0.0350223510109117,0.00928938058615185,319
10,5,2,11,M_Y_day1_fourSC_afternoon,-0.06071953173961585,0.00928938058615185,319
10,5,2,12,M_Y_day1_anticipated_affect,0.23332258741014403,0.00928938058615185,319
10,5,2,13,M_Y_day2_fourSC_morning,0.001960855066325846,0.00928938058615185,319
10,5,2,14,M_Y_day2_fourSC_afternoon,0.06440425634366018,0.00928938058615185,319
10,5,2,15,M_Y_day2_anticipated_affect,0.1475137213526677,0.00928938058615185,319
10,5,2,16,M_Y_day3_fourSC_morning,0.02140734074171017,0.00928938058615185,319
10,5,2,17,M_Y_day3_fourSC_afternoon,-0.046328134164176867,0.00928938058615185,319
10,5,2,18,M_Y_day3_anticipated_affect,0.2511826453679307,0.00928938058615185,319
10,5,2,19,M_Y_day4_fourSC_morning,-0.042922513541954685,0.00928938058615185,319
10,5,2,20,M_Y_day4_fourSC_afternoon,0.06758310934715268,0.00928938058615185,319
10,5,2,21,M_Y_day4_anticipated_affect,0.4072001556866028,0.00928938058615185,319
10,5,2,22,M_Y_day5_fourSC_morning,0.049806015735012914,0.00928938058615185,319
10,5,2,23,M_Y_day5_fourSC_afternoon,0.0,0.00928938058615185,319
10,5,2,24,M_Y_day5_anticipated_affect,0.0,0.00928938058615185,319
10,5,2,25,M_Y_day6_fourSC_morning,0.0,0.00928938058615185,319
10,5,2,26,M_Y_day6_fourSC_afternoon,0.0,0.00928938058615185,319
10,5,2,27,M_Y_day6_anticipated_affect,0.0,0.00928938058615185,319
10,5,2,28,M_E_day1_pageview_morning,0.05919522849880361,0.00928938058615185,319
10,5,2,29,M_E_day1_pageview_afternoon,-0.05310030554483224,0.00928938058615185,319
10,5,2,30,M_E_day1_morning_fitbit_wear,0.11506782919382752,0.00928938058615185,319
10,5,2,31,M_E_day1_daily_survey_complete,0.059779454470150685,0.00928938058615185,319
10,5,2,32,M_E_day2_pageview_morning,0.03847605395733718,0.00928938058615185,319
10,5,2,33,M_E_day2_pageview_afternoon,0.00888468990971409,0.00928938058615185,319
10,5,2,34,M_E_day2_morning_fitbit_wear,-0.12850804170838623,0.00928938058615185,319
10,5,2,35,M_E_day2_daily_survey_complete,-0.07439916262172158,0.00928938058615185,319
10,5,2,36,M_E_day3_pageview_morning,-0.07017490305495358,0.00928938058615185,319
10,5,2,37,M_E_day3_pageview_afternoon,-0.09052763432919006,0.00928938058615185,319
10,5,2,38,M_E_day3_morning_fitbit_wear,0.0009757665593652265,0.00928938058615185,319
10,5,2,39,M_E_day3_daily_survey_complete,-0.0001083803784093727,0.00928938058615185,319
10,5,2,40,M_E_day4_pageview_morning,0.056934081160858775,0.00928938058615185,319
10,5,2,41,M_E_day4_pageview_afternoon,0.040835678351894895,0.00928938058615185,319
10,5,2,42,M_E_day4_morning_fitbit_wear,-0.11619312104676363,0.00928938058615185,319
10,5,2,43,M_E_day4_daily_survey_complete,-0.011229988946867043,0.00928938058615185,319
10,5,2,44,M_E_day5_pageview_morning,-0.03674665170123899,0.00928938058615185,319
10,5,2,45,M_E_day5_pageview_afternoon,0.0,0.00928938058615185,319
10,5,2,46,M_E_day5_morning_fitbit_wear,0.0,0.00928938058615185,319
10,5,2,47,M_E_day5_daily_survey_complete,0.0,0.00928938058615185,319
10,5,2,48,M_E_day6_pageview_morning,0.0,0.00928938058615185,319
10,5,2,49,M_E_day6_pageview_afternoon,0.0,0.00928938058615185,319
10,5,2,50,M_E_day6_morning_fitbit_wear,0.0,0.00928938058615185,319
10,5,2,51,M_E_day6_daily_survey_complete,0.0,0.00928938058615185,319
10,5,2,52,yesterday_step_count,-0.09122417509217062,0.00928938058615185,319
10,5,2,53,ema_step_count,0.02299905465931865,0.00928938058615185,319
10,5,2,54,prior2hour_step_count,0.01251235791826393,0.00928938058615185,319
10,5,2,56,active_status_fraction_7days,0.3205427927983884,0.00928938058615185,319
10,5,2,57,recent_burden,0.0020487718465668054,0.00928938058615185,319
10,5,2,58,salience_yesterday,-0.019362620615985343,0.00928938058615185,319
10,5,2,59,walk_interaction_7d,-0.0881625496478585,0.00928938058615185,319
10,5,2,60,A,-0.025910695927474945,0.00928938058615185,319
10,5,2,61,A*E_w,0.0028934836628249547,0.00928938058615185,319
10,5,2,62,A*b_hat,0.011640605684624241,0.00928938058615185,319
10,5,2,63,A*weekday_vs_weekend,0.0,0.00928938058615185,319
10,5,2,64,A*slot_pm,-0.025910695927475132,0.00928938058615185,319
10,5,2,65,A*weekday_vs_weekend*E_w,0.0,0.00928938058615185,319
10,5,2,66,A*slot_pm*E_w,0.0028934836628247145,0.00928938058615185,319
10,5,2,67,A*weekday_vs_weekend*b_hat,0.0,0.00928938058615185,319
10,5,2,68,A*slot_pm*b_hat,0.011640605684624288,0.00928938058615185,319
10,5,2,69,A*yesterday_step_count,-0.007121780476915995,0.00928938058615185,319
10,5,2,70,A*ema_step_count,0.015013141975695839,0.00928938058615185,319
10,5,2,71,A*prior2hour_step_count,-0.018559757124130417,0.00928938058615185,319
10,5,2,73,A*active_status_fraction_7days,-0.007692478911910165,0.00928938058615185,319
10,5,2,74,A*recent_burden,-0.0016041551855405134,0.00928938058615185,319
10,5,2,75,A*salience_yesterday,0.03850312514524665,0.00928938058615185,319
10,5,2,76,A*walk_interaction_7d,-0.029359851151183284,0.00928938058615185,319
11,6,1,0,intercept,-0.18592875201776896,0.002675102782388819,319
11,6,1,1,weekday_vs_weekend,-0.18592875201776868,0.002675102782388819,319
11,6,1,2,slot_pm,0.0,0.002675102782388819,319
11,6,1,3,E_w,0.0008167759838019444,0.002675102782388819,319
11,6,1,4,weekday_vs_weekend*E_w,0.0008167759838018196,0.002675102782388819,319
11,6,1,5,slot_pm*E_w,0.0,0.002675102782388819,319
11,6,1,6,b_hat,0.4179695198502954,0.002675102782388819,319
11,6,1,7,weekday_vs_weekend*b_hat,0.41796951985029085,0.002675102782388819,319
11,6,1,8,slot_pm*b_hat,0.0,0.002675102782388819,319
11,6,1,9,b_tilde,0.0,0.002675102782388819,319
11,6,1,10,M_Y_day1_fourSC_morning,-0.03711440049714782,0.002675102782388819,319
11,6,1,11,M_Y_day1_fourSC_afternoon,-0.06272957388005881,0.002675102782388819,319
11,6,1,12,M_Y_day1_anticipated_affect,0.21610287556841354,0.002675102782388819,319
11,6,1,13,M_Y_day2_fourSC_morning,-0.008399407090567365,0.002675102782388819,319
11,6,1,14,M_Y_day2_fourSC_afternoon,0.10081869187727902,0.002675102782388819,319
11,6,1,15,M_Y_day2_anticipated_affect,-0.004083509638627639,0.002675102782388819,319
11,6,1,16,M_Y_day3_fourSC_morning,-0.045328558131368914,0.002675102782388819,319
11,6,1,17,M_Y_day3_fourSC_afternoon,-0.0988563241403871,0.002675102782388819,319
11,6,1,18,M_Y_day3_anticipated_affect,0.07799781862935523,0.002675102782388819,319
11,6,1,19,M_Y_day4_fourSC_morning,0.03465286125360537,0.002675102782388819,319
11,6,1,20,M_Y_day4_fourSC_afternoon,0.13883563061290402,0.002675102782388819,319
11,6,1,21,M_Y_day4_anticipated_affect,0.2970929357478709,0.002675102782388819,319
11,6,1,22,M_Y_day5_fourSC_morning,0.045213619289438366,0.002675102782388819,319
11,6,1,23,M_Y_day5_fourSC_afternoon,0.03271480849835309,0.002675102782388819,319
11,6,1,24,M_Y_day5_anticipated_affect,0.5686104198831279,0.002675102782388819,319
11,6,1,25,M_Y_day6_fourSC_morning,0.0,0.002675102782388819,319
11,6,1,26,M_Y_day6_fourSC_afternoon,0.0,0.002675102782388819,319
11,6,1,27,M_Y_day6_anticipated_affect,0.0,0.002675102782388819,319
11,6,1,28,M_E_day1_pageview_morning,0.06333163938275568,0.002675102782388819,319
11,6,1,29,M_E_day1_pageview_afternoon,-0.059177435059348575,0.002675102782388819,319
11,6,1,30,M_E_day1_morning_fitbit_wear,0.1388557876086805,0.002675102782388819,319
11,6,1,31,M_E_day1_daily_survey_complete,0.043215733553740074,0.002675102782388819,319
11,6,1,32,M_E_day2_pageview_morning,0.03377617440151069,0.002675102782388819,319
11,6,1,33,M_E_day2_pageview_afternoon,0.019090644277935886,0.002675102782388819,319
11,6,1,34,M_E_day2_morning_fitbit_wear,-0.1512025369925992,0.002675102782388819,319
11,6,1,35,M_E_day2_daily_survey_complete,-0.08452652711626817,0.002675102782388819,319
11,6,1,36,M_E_day3_pageview_morning,-0.07078629733730918,0.002675102782388819,319
11,6,1,37,M_E_day3_pageview_afternoon,-0.08618706239504889,0.002675102782388819,319
11,6,1,38,M_E_day3_morning_fitbit_wear,-0.06500710883799822,0.002675102782388819,319
11,6,1,39,M_E_day3_daily_survey_complete,0.012052842446882239,0.002675102782388819,319
11,6,1,40,M_E_day4_pageview_morning,0.059412060926099776,0.002675102782388819,319
11,6,1,41,M_E_day4_pageview_afternoon,0.03994501163153146,0.002675102782388819,319
11,6,1,42,M_E_day4_morning_fitbit_wear,-0.11437182418116494,0.002675102782388819,319
11,6,1,43,M_E_day4_daily_survey_complete,-0.013194623712226645,0.002675102782388819,319
11,6,1,44,M_E_day5_pageview_morning,-0.018736084380799642,0.002675102782388819,319
11,6,1,45,M_E_day5_pageview_afternoon,-0.02418102615636025,0.002675102782388819,319
11,6,1,46,M_E_day5_morning_fitbit_wear,0.03760687738325801,0.002675102782388819,319
11,6,1,47,M_E_day5_daily_survey_complete,0.026764907827122215,0.002675102782388819,319
11,6,1,48,M_E_day6_pageview_morning,0.0,0.002675102782388819,319
11,6,1,49,M_E_day6_pageview_afternoon,0.0,0.002675102782388819,319
11,6,1,50,M_E_day6_morning_fitbit_wear,0.0,0.002675102782388819,319
11,6,1,51,M_E_day6_daily_survey_complete,0.0,0.002675102782388819,319
11,6,1,52,yesterday_step_count,-0.15027906774519845,0.002675102782388819,319
11,6,1,53,ema_step_count,0.015255184051316576,0.002675102782388819,319
11,6,1,54,prior2hour_step_count,-0.030703665351523305,0.002675102782388819,319
11,6,1,56,active_status_fraction_7days,0.3356050230045148,0.002675102782388819,319
11,6,1,57,recent_burden,-0.009091517219641935,0.002675102782388819,319
11,6,1,58,salience_yesterday,-0.11400855918104902,0.002675102782388819,319
11,6,1,59,walk_interaction_7d,-0.06600976588032571,0.002675102782388819,319
11,6,1,60,A,-0.011478437905523173,0.002675102782388819,319
11,6,1,61,A*E_w,0.004549331599334814,0.002675102782388819,319
11,6,1,62,A*b_hat,0.002548339105149579,0.002675102782388819,319
11,6,1,63,A*weekday_vs_weekend,-0.011478437905523215,0.002675102782388819,319
11,6,1,64,A*slot_pm,0.0,0.002675102782388819,319
11,6,1,65,A*weekday_vs_weekend*E_w,0.0045493315993347955,0.002675102782388819,319
11,6,1,66,A*slot_pm*E_w,0.0,0.002675102782388819,319
11,6,1,67,A*weekday_vs_weekend*b_hat,0.0025483391051496196,0.002675102782388819,319
11,6,1,68,A*slot_pm*b_hat,0.0,0.002675102782388819,319
11,6,1,69,A*yesterday_step_count,-0.019217144599742355,0.002675102782388819,319
11,6,1,70,A*ema_step_count,0.006127162265582279,0.002675102782388819,319
11,6,1,71,A*prior2hour_step_count,0.029259582516471275,0.002675102782388819,319
11,6,1,73,A*active_status_fraction_7days,0.03208692993940374,0.002675102782388819,319
11,6,1,74,A*recent_burden,0.00012500087817172414,0.002675102782388819,319
11,6,1,75,A*salience_yesterday,-0.013382542684851154,0.002675102782388819,319
11,6,1,76,A*walk_interaction_7d,-0.054501023575368755,0.002675102782388819,319
12,6,2,0,intercept,-0.15295757470738197,0.3842897418507528,319
12,6,2,1,weekday_vs_weekend,-0.1529575747073906,0.3842897418507528,319
12,6,2,2,slot_pm,-0.1529575747073928,0.3842897418507528,319
12,6,2,3,E_w,0.0016754860971546818,0.3842897418507528,319
12,6,2,4,weekday_vs_weekend*E_w,0.0016754860971550998,0.3842897418507528,319
12,6,2,5,slot_pm*E_w,0.0016754860971555435,0.3842897418507528,319
12,6,2,6,b_hat,0.2902097351472462,0.3842897418507528,319
12,6,2,7,weekday_vs_weekend*b_hat,0.29020973514724846,0.3842897418507528,319
12,6,2,8,slot_pm*b_hat,0.290209735147257,0.3842897418507528,319
12,6,2,9,b_tilde,0.0,0.3842897418507528,319
12,6,2,10,M_Y_day1_fourSC_morning,-0.030971702135694775,0.3842897418507528,319
12,6,2,11,M_Y_day1_fourSC_afternoon,-0.0695881150190877,0.3842897418507528,319
12,6,2,12,M_Y_day1_anticipated_affect,0.20133212003224996,0.3842897418507528,319
12,6,2,13,M_Y_day2_fourSC_morning,-0.0006635242836633376,0.3842897418507528,319
12,6,2,14,M_Y_day2_fourSC_afternoon,0.08352429263513071,0.3842897418507528,319
12,6,2,15,M_Y_day2_anticipated_affect,-0.0889858016681541,0.3842897418507528,319
12,6,2,16,M_Y_day3_fourSC_morning,-0.03006200121675696,0.3842897418507528,319
12,6,2,17,M_Y_day3_fourSC_afternoon,-0.14097037301032053,0.3842897418507528,319
12,6,2,18,M_Y_day3_anticipated_affect,-0.07972193475636173,0.3842897418507528,319
12,6,2,19,M_Y_day4_fourSC_morning,0.05097110757697984,0.3842897418507528,319
12,6,2,20,M_Y_day4_fourSC_afternoon,0.1291061330420912,0.3842897418507528,319
12,6,2,21,M_Y_day4_anticipated_affect,0.4000462874141123,0.3842897418507528,319
12,6,2,22,M_Y_day5_fourSC_morning,0.06079209779634217,0.3842897418507528,319
12,6,2,23,M_Y_day5_fourSC_afternoon,0.008116236573513355,0.3842897418507528,319
12,6,2,24,M_Y_day5_anticipated_affect,0.8291785096000318,0.3842897418507528,319
12,6,2,25,M_Y_day6_fourSC_morning,-0.043776693647899434,0.3842897418507528,319
12,6,2,26,M_Y_day6_fourSC_afternoon,0.0,0.3842897418507528,319
12,6,2,27,M_Y_day6_anticipated_affect,0.0,0.3842897418507528,319
12,6,2,28,M_E_day1_pageview_morning,0.06489187487843391,0.3842897418507528,319
12,6,2,29,M_E_day1_pageview_afternoon,-0.061066059813906455,0.3842897418507528,319
12,6,2,30,M_E_day1_morning_fitbit_wear,0.16801231890873092,0.3842897418507528,319
12,6,2,31,M_E_day1_daily_survey_complete,0.06258930970675951,0.3842897418507528,319
12,6,2,32,M_E_day2_pageview_morning,0.03329416411829344,0.3842897418507528,319
12,6,2,33,M_E_day2_pageview_afternoon,0.02300509231780915,0.3842897418507528,319
12,6,2,34,M_E_day2_morning_fitbit_wear,-0.16104295783725617,0.3842897418507528,319
12,6,2,35,M_E_day2_daily_survey_complete,-0.1002452552620785,0.3842897418507528,319
12,6,2,36,M_E_day3_pageview_morning,-0.07389811976186575,0.3842897418507528,319
12,6,2,37,M_E_day3_pageview_afternoon,-0.09526180694673919,0.3842897418507528,319
12,6,2,38,M_E_day3_morning_fitbit_wear,-0.07300334051357973,0.3842897418507528,319
12,6,2,39,M_E_day3_daily_survey_complete,-0.007663897821126025,0.3842897418507528,319
12,6,2,40,M_E_day4_pageview_morning,0.06073341946037646,0.3842897418507528,319
12,6,2,41,M_E_day4_pageview_afternoon,0.039905526385524415,0.3842897418507528,319
12,6,2,42,M_E_day4_morning_fitbit_wear,-0.12590179173019758,0.3842897418507528,319
12,6,2,43,M_E_day4_daily_survey_complete,-0.005717819797160409,0.3842897418507528,319
12,6,2,44,M_E_day5_pageview_morning,-0.023064609683146508,0.3842897418507528,319
12,6,2,45,M_E_day5_pageview_afternoon,-0.023503766732854123,0.3842897418507528,319
12,6,2,46,M_E_day5_morning_fitbit_wear,0.03868014997046396,0.3842897418507528,319
12,6,2,47,M_E_day5_daily_survey_complete,0.03383345320430954,0.3842897418507528,319
12,6,2,48,M_E_day6_pageview_morning,0.0027860961461715406,0.3842897418507528,319
12,6,2,49,M_E_day6_pageview_afternoon,0.0,0.3842897418507528,319
12,6,2,50,M_E_day6_morning_fitbit_wear,0.0,0.3842897418507528,319
12,6,2,51,M_E_day6_daily_survey_complete,0.0,0.3842897418507528,319
12,6,2,52,yesterday_step_count,-0.17118222218973173,0.3842897418507528,319
12,6,2,53,ema_step_count,0.13010456810463464,0.3842897418507528,319
12,6,2,54,prior2hour_step_count,-0.005449121464488686,0.3842897418507528,319
12,6,2,56,active_status_fraction_7days,0.4091229261215196,0.3842897418507528,319
12,6,2,57,recent_burden,-0.012067125427080504,0.3842897418507528,319
12,6,2,58,salience_yesterday,-0.13215702566545,0.3842897418507528,319
12,6,2,59,walk_interaction_7d,-0.05421836415225105,0.3842897418507528,319
12,6,2,60,A,-0.0637662615109444,0.3842897418507528,319
12,6,2,61,A*E_w,-0.007599254906852205,0.3842897418507528,319
12,6,2,62,A*b_hat,0.004043802929758561,0.3842897418507528,319
12,6,2,63,A*weekday_vs_weekend,-0.0637662615109458,0.3842897418507528,319
12,6,2,64,A*slot_pm,-0.06376626151094528,0.3842897418507528,319
12,6,2,65,A*weekday_vs_weekend*E_w,-0.007599254906850177,0.3842897418507528,319
12,6,2,66,A*slot_pm*E_w,-0.007599254906849772,0.3842897418507528,319
12,6,2,67,A*weekday_vs_weekend*b_hat,0.004043802929758516,0.3842897418507528,319
12,6,2,68,A*slot_pm*b_hat,0.00404380292975848,0.3842897418507528,319
12,6,2,69,A*yesterday_step_count,0.030946963166796043,0.3842897418507528,319
12,6,2,70,A*ema_step_count,-0.2384900863725749,0.3842897418507528,319
12,6,2,71,A*prior2hour_step_count,0.034874664371767006,0.3842897418507528,319
12,6,2,73,A*active_status_fraction_7days,-0.1050494267638572,0.3842897418507528,319
12,6,2,74,A*recent_burden,-0.007314111938978962,0.3842897418507528,319
12,6,2,75,A*salience_yesterday,0.13040944121135653,0.3842897418507528,319
12,6,2,76,A*walk_interaction_7d,0.02265687869750111,0.3842897418507528,319
